"Date","Price","Open","High","Low","Vol.","Change %"
"03/29/2023","321.80","321.80","321.80","321.80","","0.52%"
"03/28/2023","320.14","320.14","320.14","320.14","","-0.08%"
"03/27/2023","320.39","320.39","320.39","320.39","","0.59%"
"03/24/2023","318.50","318.50","318.50","318.50","","0.22%"
"03/23/2023","317.81","317.81","317.81","317.81","","0.71%"
"03/22/2023","315.57","315.57","315.57","315.57","","1.15%"
"03/21/2023","311.99","311.99","311.99","311.99","","1.50%"
"03/20/2023","307.38","307.38","307.38","307.38","","-2.32%"
"03/17/2023","314.67","314.67","314.67","314.67","","-0.54%"
"03/16/2023","316.39","316.39","316.39","316.39","","-1.48%"
"03/15/2023","321.13","321.13","321.13","321.13","","2.66%"
"03/14/2023","312.81","312.81","312.81","312.81","","-1.55%"
"03/13/2023","317.73","317.73","317.73","317.73","","0.96%"
"03/10/2023","314.72","314.72","314.72","314.72","","0.57%"
"03/09/2023","312.95","312.95","312.95","312.95","","0.52%"
"03/08/2023","311.34","311.34","311.34","311.34","","0.88%"
"03/07/2023","308.61","308.61","308.61","308.61","","1.75%"
"03/06/2023","303.29","303.29","303.29","303.29","","0.41%"
"03/03/2023","302.06","302.06","302.06","302.06","","-1.44%"
"03/02/2023","306.48","306.48","306.48","306.48","","-0.53%"
"03/01/2023","308.11","308.11","308.11","308.11","","1.55%"
"02/28/2023","303.41","303.41","303.41","303.41","","1.03%"
"02/27/2023","300.32","300.32","300.32","300.32","","-2.33%"
"02/24/2023","307.49","307.49","307.49","307.49","","-1.77%"
"02/23/2023","313.03","313.03","313.03","313.03","","-0.83%"
"02/22/2023","315.66","315.66","315.66","315.66","","-3.58%"
"02/21/2023","327.38","327.38","327.38","327.38","","-0.29%"
"02/20/2023","328.34","328.34","328.34","328.34","","3.66%"
"02/17/2023","316.76","316.76","316.76","316.76","","-0.76%"
"02/16/2023","319.17","319.17","319.17","319.17","","0.77%"
"02/15/2023","316.74","316.74","316.74","316.74","","0.53%"
"02/14/2023","315.06","315.06","315.06","315.06","","-0.58%"
"02/13/2023","316.90","316.90","316.90","316.90","","-1.24%"
"02/10/2023","320.87","320.87","320.87","320.87","","-0.37%"
"02/09/2023","322.06","322.06","322.06","322.06","","-1.22%"
"02/08/2023","326.04","326.04","326.04","326.04","","0.32%"
"02/07/2023","325.00","325.00","325.00","325.00","","-3.36%"
"02/06/2023","336.30","336.30","336.30","336.30","","0.57%"
"02/03/2023","334.38","334.38","334.38","334.38","","0.23%"
"02/02/2023","333.60","333.60","333.60","333.60","","0.27%"
"02/01/2023","332.71","332.71","332.71","332.71","","-4.09%"
"01/31/2023","346.91","346.91","346.91","346.91","","-1.09%"
"01/27/2023","350.75","350.75","350.75","350.75","","0.89%"
"01/19/2023","347.65","347.65","347.65","347.65","","0.62%"
"01/18/2023","345.50","345.50","345.50","345.50","","1.09%"
"01/17/2023","341.76","341.76","341.76","341.76","","3.09%"
"01/16/2023","331.52","331.52","331.52","331.52","","-0.11%"
"01/13/2023","331.89","331.89","331.89","331.89","","0.33%"
"01/12/2023","330.81","330.81","330.81","330.81","","-0.09%"
"01/11/2023","331.11","331.11","331.11","331.11","","0.54%"
"01/10/2023","329.33","329.33","329.33","329.33","","0.02%"
"01/09/2023","329.28","329.28","329.28","329.28","","0.50%"
"01/06/2023","327.63","327.63","327.63","327.63","","-1.45%"
"01/05/2023","332.46","332.46","332.46","332.46","","1.52%"
"01/04/2023","327.49","327.49","327.49","327.49","","0.55%"
"01/03/2023","325.71","325.71","325.71","325.71","","4.73%"
"12/30/2022","311.00","311.00","311.00","311.00","","0.12%"
"12/29/2022","310.62","310.62","310.62","310.62","","-0.61%"
"12/28/2022","312.54","312.54","312.54","312.54","","0.94%"
"12/27/2022","309.64","309.64","309.64","309.64","","2.51%"
"12/26/2022","302.06","302.06","302.06","302.06","","-4.31%"
"12/23/2022","315.68","315.68","315.68","315.68","","-0.27%"
"12/22/2022","316.53","316.53","316.53","316.53","","0.29%"
"12/21/2022","315.60","315.60","315.60","315.60","","-0.49%"
"12/20/2022","317.15","317.15","317.15","317.15","","-1.94%"
"12/19/2022","323.44","323.44","323.44","323.44","","-1.93%"
"12/16/2022","329.79","329.79","329.79","329.79","","-1.18%"
"12/15/2022","333.73","333.73","333.73","333.73","","0.05%"
"12/14/2022","333.55","333.55","333.55","333.55","","0.15%"
"12/13/2022","333.05","333.05","333.05","333.05","","1.97%"
"12/12/2022","326.63","326.63","326.63","326.63","","-4.15%"
"12/09/2022","340.77","340.77","340.77","340.77","","0.74%"
"12/08/2022","338.27","338.27","338.27","338.27","","0.33%"
"12/07/2022","337.17","337.17","337.17","337.17","","0.80%"
"12/06/2022","334.50","334.50","334.50","334.50","","-4.50%"
"12/05/2022","350.26","350.26","350.26","350.26","","3.11%"
"12/02/2022","339.69","339.69","339.69","339.69","","5.88%"
"12/01/2022","320.83","320.83","320.83","320.83","","-1.74%"
"11/30/2022","326.51","326.51","326.51","326.51","","2.53%"
"11/29/2022","318.44","318.44","318.44","318.44","","4.64%"
"11/28/2022","304.33","304.33","304.33","304.33","","3.46%"
"11/25/2022","294.15","294.15","294.15","294.15","","4.07%"
"11/24/2022","282.64","282.64","282.64","282.64","","0.75%"
"11/23/2022","280.53","280.53","280.53","280.53","","-1.60%"
"11/22/2022","285.10","285.10","285.10","285.10","","-1.97%"
"11/21/2022","290.83","290.83","290.83","290.83","","-1.50%"
"11/18/2022","295.27","295.27","295.27","295.27","","0.15%"
"11/17/2022","294.82","294.82","294.82","294.82","","4.20%"
"11/16/2022","282.93","282.93","282.93","282.93","","2.74%"
"11/15/2022","275.38","275.38","275.38","275.38","","-1.40%"
"11/14/2022","279.28","279.28","279.28","279.28","","-0.16%"
"11/11/2022","279.72","279.72","279.72","279.72","","1.07%"
"11/10/2022","276.77","276.77","276.77","276.77","","-4.18%"
"11/09/2022","288.85","288.85","288.85","288.85","","-0.44%"
"11/08/2022","290.14","290.14","290.14","290.14","","-0.53%"
"11/07/2022","291.69","291.69","291.69","291.69","","-2.26%"
"11/04/2022","298.42","298.42","298.42","298.42","","-2.72%"
"11/03/2022","306.77","306.77","306.77","306.77","","-0.20%"
"11/02/2022","307.39","307.39","307.39","307.39","","-1.26%"
"11/01/2022","311.30","311.30","311.30","311.30","","0.58%"
"10/31/2022","309.49","309.49","309.49","309.49","","-0.56%"
"10/28/2022","311.24","311.24","311.24","311.24","","-0.18%"
"10/27/2022","311.81","311.81","311.81","311.81","","3.02%"
"10/26/2022","302.66","302.66","302.66","302.66","","-1.21%"
"10/25/2022","306.37","306.37","306.37","306.37","","0.92%"
"10/24/2022","303.59","303.59","303.59","303.59","","-3.64%"
"10/21/2022","315.07","315.07","315.07","315.07","","-5.00%"
"10/20/2022","331.66","331.66","331.66","331.66","","-0.56%"
"10/19/2022","333.53","333.53","333.53","333.53","","-1.20%"
"10/18/2022","337.58","337.58","337.58","337.58","","1.06%"
"10/17/2022","334.03","334.03","334.03","334.03","","-2.08%"
"10/14/2022","341.13","341.13","341.13","341.13","","0.10%"
"10/13/2022","340.78","340.78","340.78","340.78","","0.57%"
"10/12/2022","338.86","338.86","338.86","338.86","","2.49%"
"10/11/2022","330.62","330.62","330.62","330.62","","-3.33%"
"10/10/2022","342.02","342.02","342.02","342.02","","0.41%"
"10/07/2022","340.61","340.61","340.61","340.61","","-2.37%"
"10/06/2022","348.89","348.89","348.89","348.89","","-3.07%"
"10/05/2022","359.94","359.94","359.94","359.94","","2.97%"
"10/04/2022","349.56","349.56","349.56","349.56","","-0.81%"
"10/03/2022","352.43","352.43","352.43","352.43","","-3.87%"
"09/30/2022","366.63","366.63","366.63","366.63","","0.17%"
"09/29/2022","365.99","365.99","365.99","365.99","","-1.84%"
"09/28/2022","372.84","372.84","372.84","372.84","","-2.55%"
"09/27/2022","382.59","382.59","382.59","382.59","","-1.13%"
"09/26/2022","386.98","386.98","386.98","386.98","","-2.56%"
"09/23/2022","397.15","397.15","397.15","397.15","","-1.22%"
"09/22/2022","402.07","402.07","402.07","402.07","","0.07%"
"09/21/2022","401.80","401.80","401.80","401.80","","-0.68%"
"09/20/2022","404.57","404.57","404.57","404.57","","1.19%"
"09/19/2022","399.82","399.82","399.82","399.82","","-2.10%"
"09/16/2022","408.38","408.38","408.38","408.38","","-0.91%"
"09/15/2022","412.14","412.14","412.14","412.14","","0.28%"
"09/14/2022","411.00","411.00","411.00","411.00","","-0.72%"
"09/13/2022","413.98","413.98","413.98","413.98","","-0.56%"
"09/12/2022","416.33","416.33","416.33","416.33","","-0.03%"
"09/09/2022","416.46","416.46","416.46","416.46","","1.40%"
"09/08/2022","410.70","410.70","410.70","410.70","","0.26%"
"09/07/2022","409.63","409.63","409.63","409.63","","-2.74%"
"09/06/2022","421.16","421.16","421.16","421.16","","-0.11%"
"09/05/2022","421.63","421.63","421.63","421.63","","0.19%"
"08/31/2022","420.83","420.83","420.83","420.83","","-0.23%"
"08/30/2022","421.78","421.78","421.78","421.78","","0.26%"
"08/29/2022","420.67","420.67","420.67","420.67","","-1.29%"
"08/26/2022","426.18","426.18","426.18","426.18","","-1.10%"
"08/25/2022","430.90","430.90","430.90","430.90","","1.47%"
"08/24/2022","424.64","424.64","424.64","424.64","","0.21%"
"08/23/2022","423.73","423.73","423.73","423.73","","0.81%"
"08/22/2022","420.34","420.34","420.34","420.34","","-1.36%"
"08/19/2022","426.13","0.00","0.00","0.00","","-0.64%"
"08/18/2022","428.87","428.87","428.87","428.87","","0.14%"
"08/17/2022","428.27","428.27","428.27","428.27","","0.66%"
"08/16/2022","425.48","425.48","425.48","425.48","","0.23%"
"08/15/2022","424.50","424.50","424.50","424.50","","0.31%"
"08/12/2022","423.20","423.20","423.20","423.20","","0.94%"
"08/11/2022","419.26","419.26","419.26","419.26","","-0.51%"
"08/10/2022","421.40","421.40","421.40","421.40","","-0.07%"
"08/09/2022","421.68","421.68","421.68","421.68","","0.49%"
"08/08/2022","419.62","419.62","419.62","419.62","","0.05%"
"08/05/2022","419.40","419.40","419.40","419.40","","-0.26%"
"08/04/2022","420.49","420.49","420.49","420.49","","0.30%"
"08/03/2022","419.25","419.25","419.25","419.25","","0.40%"
"08/02/2022","417.60","417.60","417.60","417.60","","1.20%"
"08/01/2022","412.63","412.63","412.63","412.63","","2.51%"
"07/29/2022","402.52","402.52","402.52","402.52","","-0.79%"
"07/28/2022","405.72","405.72","405.72","405.72","","1.43%"
"07/27/2022","400.01","400.01","400.01","400.01","","0.25%"
"07/26/2022","399.00","399.00","399.00","399.00","","-0.28%"
"07/25/2022","400.14","400.14","400.14","400.14","","-0.08%"
"07/22/2022","400.47","400.47","400.47","400.47","","-0.85%"
"07/21/2022","403.91","403.91","403.91","403.91","","0.42%"
"07/20/2022","402.24","402.24","402.24","402.24","","1.06%"
"07/19/2022","398.02","398.02","398.02","398.02","","0.23%"
"07/18/2022","397.11","397.11","397.11","397.11","","-0.80%"
"07/15/2022","400.33","400.33","400.33","400.33","","-0.23%"
"07/14/2022","401.24","401.24","401.24","401.24","","0.69%"
"07/13/2022","398.48","398.48","398.48","398.48","","-0.52%"
"07/12/2022","400.56","400.56","400.56","400.56","","0.73%"
"07/11/2022","397.64","397.64","397.64","397.64","","-0.94%"
"07/08/2022","401.42","401.42","401.42","401.42","","1.22%"
"07/07/2022","396.59","396.59","396.59","396.59","","2.43%"
"07/06/2022","387.18","387.18","387.18","387.18","","-2.85%"
"07/05/2022","398.55","398.55","398.55","398.55","","-1.98%"
"07/04/2022","406.58","406.58","406.58","406.58","","-0.34%"
"07/01/2022","407.96","407.96","407.96","407.96","","-0.08%"
"06/30/2022","408.30","408.30","408.30","408.30","","-1.70%"
"06/29/2022","415.37","415.37","415.37","415.37","","0.11%"
"06/28/2022","414.92","414.92","414.92","414.92","","-0.15%"
"06/27/2022","415.54","415.54","415.54","415.54","","2.08%"
"06/24/2022","407.08","407.08","407.08","407.08","","0.07%"
"06/23/2022","406.78","406.78","406.78","406.78","","0.74%"
"06/22/2022","403.81","403.81","403.81","403.81","","-0.08%"
"06/21/2022","404.12","404.12","404.12","404.12","","-0.55%"
"06/20/2022","406.37","406.37","406.37","406.37","","-2.89%"
"06/17/2022","418.46","418.46","418.46","418.46","","-0.85%"
"06/16/2022","422.06","422.06","422.06","422.06","","1.84%"
"06/15/2022","414.42","414.42","414.42","414.42","","-1.66%"
"06/14/2022","421.41","421.41","421.41","421.41","","-0.95%"
"06/13/2022","425.46","425.46","425.46","425.46","","-4.40%"
"06/10/2022","445.06","445.06","445.06","445.06","","-0.97%"
"06/09/2022","449.42","449.42","449.42","449.42","","0.29%"
"06/08/2022","448.10","448.10","448.10","448.10","","0.94%"
"06/07/2022","443.94","443.94","443.94","443.94","","-0.06%"
"06/06/2022","444.20","444.20","444.20","444.20","","0.11%"
"06/03/2022","443.69","443.69","443.69","443.69","","-0.25%"
"06/02/2022","444.79","444.79","444.79","444.79","","-1.31%"
"06/01/2022","450.71","450.71","450.71","450.71","","0.47%"
"05/31/2022","448.59","448.59","448.59","448.59","","0.13%"
"05/30/2022","448.01","448.01","448.01","448.01","","0.69%"
"05/27/2022","444.93","444.93","444.93","444.93","","1.02%"
"05/26/2022","440.45","440.45","440.45","440.45","","0.07%"
"05/25/2022","440.15","440.15","440.15","440.15","","1.99%"
"05/24/2022","431.58","431.58","431.58","431.58","","0.87%"
"05/23/2022","427.87","427.87","427.87","427.87","","-1.79%"
"05/20/2022","435.68","435.68","435.68","435.68","","-0.39%"
"05/19/2022","437.40","437.40","437.40","437.40","","0.48%"
"05/18/2022","435.31","435.31","435.31","435.31","","1.13%"
"05/17/2022","430.43","430.43","430.43","430.43","","4.30%"
"05/16/2022","412.67","412.67","412.67","412.67","","-0.99%"
"05/13/2022","416.79","416.79","416.79","416.79","","-3.83%"
"05/12/2022","433.41","433.41","433.41","433.41","","-4.88%"
"05/11/2022","455.64","455.64","455.64","455.64","","-0.93%"
"05/10/2022","459.93","459.93","459.93","459.93","","1.62%"
"05/09/2022","452.60","452.60","452.60","452.60","","-3.26%"
"05/06/2022","467.87","467.87","467.87","467.87","","-1.92%"
"05/05/2022","477.03","477.03","477.03","477.03","","1.11%"
"05/04/2022","471.79","471.79","471.79","471.79","","-1.88%"
"04/29/2022","480.81","480.81","480.81","480.81","","1.17%"
"04/28/2022","475.24","475.24","475.24","475.24","","-0.54%"
"04/27/2022","477.81","477.81","477.81","477.81","","0.81%"
"04/26/2022","473.96","473.96","473.96","473.96","","-2.53%"
"04/22/2022","486.27","486.27","486.27","486.27","","0.62%"
"04/21/2022","483.26","483.26","483.26","483.26","","-1.11%"
"04/20/2022","488.67","488.67","488.67","488.67","","-0.86%"
"04/19/2022","492.89","492.89","492.89","492.89","","-1.59%"
"04/18/2022","500.83","500.83","500.83","500.83","","-2.03%"
"04/15/2022","511.19","511.19","511.19","511.19","","-1.68%"
"04/14/2022","519.91","519.91","519.91","519.91","","-0.87%"
"04/13/2022","524.46","524.46","524.46","524.46","","1.50%"
"04/12/2022","516.73","516.73","516.73","516.73","","-1.79%"
"04/08/2022","526.14","526.14","526.14","526.14","","-0.74%"
"04/07/2022","530.06","530.06","530.06","530.06","","-1.48%"
"04/06/2022","538.01","538.01","538.01","538.01","","-0.31%"
"04/05/2022","539.68","539.68","539.68","539.68","","-0.29%"
"04/04/2022","541.25","541.25","541.25","541.25","","0.88%"
"04/01/2022","536.51","536.51","536.51","536.51","","1.60%"
"03/31/2022","528.05","528.05","528.05","528.05","","0.15%"
"03/30/2022","527.28","527.28","527.28","527.28","","-0.94%"
"03/29/2022","532.26","532.26","532.26","532.26","","0.89%"
"03/28/2022","527.54","527.54","527.54","527.54","","-1.46%"
"03/25/2022","535.38","535.38","535.38","535.38","","0.01%"
"03/24/2022","535.33","535.33","535.33","535.33","","-0.55%"
"03/23/2022","538.29","538.29","538.29","538.29","","-0.31%"
"03/22/2022","539.95","539.95","539.95","539.95","","0.84%"
"03/21/2022","535.43","535.43","535.43","535.43","","2.80%"
"03/18/2022","520.83","520.83","520.83","520.83","","0.66%"
"03/17/2022","517.41","517.41","517.41","517.41","","-0.28%"
"03/16/2022","518.85","518.85","518.85","518.85","","0.30%"
"03/15/2022","517.30","517.30","517.30","517.30","","0.54%"
"03/14/2022","514.53","514.53","514.53","514.53","","-1.82%"
"03/11/2022","524.06","524.06","524.06","524.06","","-1.54%"
"03/10/2022","532.26","532.26","532.26","532.26","","0.06%"
"03/09/2022","531.93","531.93","531.93","531.93","","-0.01%"
"03/08/2022","532.00","532.00","532.00","532.00","","-1.76%"
"03/07/2022","541.53","541.53","541.53","541.53","","-0.65%"
"03/04/2022","545.08","545.08","545.08","545.08","","0.17%"
"03/03/2022","544.17","544.17","544.17","544.17","","1.73%"
"03/02/2022","534.92","534.92","534.92","534.92","","-0.35%"
"03/01/2022","536.81","536.81","536.81","536.81","","0.76%"
"02/28/2022","532.77","532.77","532.77","532.77","","-0.65%"
"02/25/2022","536.27","536.27","536.27","536.27","","-0.03%"
"02/24/2022","536.42","536.42","536.42","536.42","","-1.25%"
"02/23/2022","543.19","543.19","543.19","543.19","","0.54%"
"02/22/2022","540.25","540.25","540.25","540.25","","-1.22%"
"02/21/2022","546.93","546.93","546.93","546.93","","0.44%"
"02/18/2022","544.56","544.56","544.56","544.56","","-0.21%"
"02/17/2022","545.72","545.72","545.72","545.72","","0.99%"
"02/16/2022","540.39","540.39","540.39","540.39","","0.18%"
"02/15/2022","539.42","539.42","539.42","539.42","","1.66%"
"02/14/2022","530.61","530.61","530.61","530.61","","-1.47%"
"02/11/2022","538.51","538.51","538.51","538.51","","-0.64%"
"02/10/2022","541.99","541.99","541.99","541.99","","-0.33%"
"02/09/2022","543.79","543.79","543.79","543.79","","0.95%"
"02/08/2022","538.66","538.66","538.66","538.66","","-0.56%"
"02/07/2022","541.68","541.68","541.68","541.68","","0.85%"
"01/28/2022","537.09","537.09","537.09","537.09","","0.24%"
"01/27/2022","535.78","535.78","535.78","535.78","","-0.75%"
"01/26/2022","539.82","539.82","539.82","539.82","","-0.16%"
"01/25/2022","540.70","540.70","540.70","540.70","","3.59%"
"01/24/2022","521.97","521.97","521.97","521.97","","-3.93%"
"01/21/2022","543.34","543.34","543.34","543.34","","0.06%"
"01/20/2022","543.04","543.04","543.04","543.04","","1.46%"
"01/19/2022","535.25","535.25","535.25","535.25","","1.08%"
"01/18/2022","529.52","529.52","529.52","529.52","","-1.45%"
"01/17/2022","537.29","537.29","537.29","537.29","","-3.64%"
"01/14/2022","557.58","557.58","557.58","557.58","","0.05%"
"01/13/2022","557.29","557.29","557.29","557.29","","-1.60%"
"01/12/2022","566.36","566.36","566.36","566.36","","0.57%"
"01/11/2022","563.13","563.13","563.13","563.13","","-1.43%"
"01/10/2022","571.28","571.28","571.28","571.28","","-1.18%"
"01/07/2022","578.13","578.13","578.13","578.13","","-0.06%"
"01/06/2022","578.50","578.50","578.50","578.50","","0.53%"
"01/05/2022","575.46","575.46","575.46","575.46","","-0.44%"
"01/04/2022","577.99","577.99","577.99","577.99","","2.24%"
"12/31/2021","565.30","565.30","565.30","565.30","","0.80%"
"12/30/2021","560.80","560.80","560.80","560.80","","0.22%"
"12/29/2021","559.56","559.56","559.56","559.56","","-0.81%"
"12/28/2021","564.13","564.13","564.13","564.13","","-0.22%"
"12/27/2021","565.35","565.35","565.35","565.35","","1.26%"
"12/24/2021","558.32","558.32","558.32","558.32","","1.37%"
"12/23/2021","550.80","550.80","550.80","550.80","","-1.91%"
"12/22/2021","561.55","561.55","561.55","561.55","","0.00%"
"12/21/2021","561.56","561.56","561.56","561.56","","0.54%"
"12/20/2021","558.54","558.54","558.54","558.54","","-0.22%"
"12/17/2021","559.78","559.78","559.78","559.78","","0.71%"
"12/16/2021","555.82","555.82","555.82","555.82","","-0.19%"
"12/15/2021","556.87","556.87","556.87","556.87","","-0.03%"
"12/14/2021","557.03","557.03","557.03","557.03","","0.07%"
"12/13/2021","556.65","556.65","556.65","556.65","","0.77%"
"12/10/2021","552.39","552.39","552.39","552.39","","-1.04%"
"12/09/2021","558.17","558.17","558.17","558.17","","1.14%"
"12/08/2021","551.86","551.86","551.86","551.86","","0.43%"
"12/07/2021","549.49","549.49","549.49","549.49","","2.41%"
"12/06/2021","536.58","536.58","536.58","536.58","","-2.59%"
"12/03/2021","550.86","550.86","550.86","550.86","","-2.88%"
"12/02/2021","567.22","567.22","567.22","567.22","","-0.11%"
"12/01/2021","567.84","567.84","567.84","567.84","","0.06%"
"11/30/2021","567.52","567.52","567.52","567.52","","-0.10%"
"11/29/2021","568.11","568.11","568.11","568.11","","-0.08%"
"11/26/2021","568.56","568.56","568.56","568.56","","-0.04%"
"11/25/2021","568.78","568.78","568.78","568.78","","1.23%"
"11/24/2021","561.85","561.85","561.85","561.85","","0.61%"
"11/23/2021","558.42","558.42","558.42","558.42","","1.87%"
"11/22/2021","548.17","548.17","548.17","548.17","","-0.32%"
"11/19/2021","549.91","549.91","549.91","549.91","","-1.59%"
"11/18/2021","558.81","558.81","558.81","558.81","","-0.51%"
"11/17/2021","561.66","561.66","561.66","561.66","","0.46%"
"11/16/2021","559.09","559.09","559.09","559.09","","-1.19%"
"11/15/2021","565.82","565.82","565.82","565.82","","0.49%"
"11/12/2021","563.08","563.08","563.08","563.08","","0.70%"
"11/11/2021","559.17","559.17","559.17","559.17","","-0.42%"
"11/10/2021","561.51","561.51","561.51","561.51","","-0.02%"
"11/09/2021","561.64","561.64","561.64","561.64","","-0.56%"
"11/08/2021","564.78","564.78","564.78","564.78","","1.00%"
"11/05/2021","559.17","559.17","559.17","559.17","","0.34%"
"11/04/2021","557.26","557.26","557.26","557.26","","0.81%"
"11/03/2021","552.80","552.80","552.80","552.80","","-1.03%"
"11/02/2021","558.55","558.55","558.55","558.55","","0.36%"
"11/01/2021","556.52","556.52","556.52","556.52","","-1.05%"
"10/29/2021","562.41","562.41","562.41","562.41","","0.77%"
"10/28/2021","558.10","558.10","558.10","558.10","","0.86%"
"10/27/2021","553.32","553.32","553.32","553.32","","2.59%"
"10/26/2021","539.34","539.34","539.34","539.34","","0.35%"
"10/25/2021","537.45","537.45","537.45","537.45","","-0.48%"
"10/22/2021","540.04","540.04","540.04","540.04","","0.30%"
"10/21/2021","538.44","538.44","538.44","538.44","","-0.77%"
"10/20/2021","542.60","542.60","542.60","542.60","","-0.09%"
"10/19/2021","543.08","543.08","543.08","543.08","","-0.23%"
"10/18/2021","544.31","544.31","544.31","544.31","","0.47%"
"10/15/2021","541.77","541.77","541.77","541.77","","-0.10%"
"10/14/2021","542.30","542.30","542.30","542.30","","-0.19%"
"10/13/2021","543.35","543.35","543.35","543.35","","-0.52%"
"10/12/2021","546.20","546.20","546.20","546.20","","-0.05%"
"10/11/2021","546.46","546.46","546.46","546.46","","1.67%"
"10/08/2021","537.46","537.46","537.46","537.46","","0.55%"
"10/07/2021","534.50","534.50","534.50","534.50","","-0.17%"
"10/06/2021","535.40","535.40","535.40","535.40","","0.61%"
"10/05/2021","532.14","532.14","532.14","532.14","","0.89%"
"10/04/2021","527.43","527.43","527.43","527.43","","1.02%"
"10/01/2021","522.13","522.13","522.13","522.13","","-0.67%"
"09/30/2021","525.67","525.67","525.67","525.67","","0.32%"
"09/29/2021","523.97","523.97","523.97","523.97","","0.37%"
"09/28/2021","522.06","522.06","522.06","522.06","","1.31%"
"09/27/2021","515.32","515.32","515.32","515.32","","-1.74%"
"09/24/2021","524.45","524.45","524.45","524.45","","-0.36%"
"09/23/2021","526.32","526.32","526.32","526.32","","0.22%"
"09/22/2021","525.17","525.17","525.17","525.17","","0.83%"
"09/21/2021","520.84","520.84","520.84","520.84","","-0.89%"
"09/20/2021","525.51","525.51","525.51","525.51","","-0.31%"
"09/17/2021","527.12","527.12","527.12","527.12","","-0.39%"
"09/16/2021","529.20","529.20","529.20","529.20","","-0.17%"
"09/15/2021","530.10","530.10","530.10","530.10","","1.41%"
"09/14/2021","522.72","522.72","522.72","522.72","","0.04%"
"09/13/2021","522.51","522.51","522.51","522.51","","-0.55%"
"09/10/2021","525.38","525.38","525.38","525.38","","0.01%"
"09/09/2021","525.35","525.35","525.35","525.35","","0.36%"
"09/08/2021","523.49","523.49","523.49","523.49","","-0.34%"
"09/07/2021","525.25","525.25","525.25","525.25","","-0.73%"
"09/06/2021","529.13","529.13","529.13","529.13","","1.01%"
"09/01/2021","523.83","523.83","523.83","523.83","","0.10%"
"08/31/2021","523.30","523.30","523.30","523.30","","0.49%"
"08/30/2021","520.76","520.76","520.76","520.76","","0.56%"
"08/27/2021","517.87","517.87","517.87","517.87","","0.86%"
"08/26/2021","513.43","513.43","513.43","513.43","","-0.85%"
"08/25/2021","517.82","517.82","517.82","517.82","","1.13%"
"08/24/2021","512.02","512.02","512.02","512.02","","0.11%"
"08/23/2021","511.47","511.47","511.47","511.47","","-2.00%"
"08/20/2021","521.89","521.89","521.89","521.89","","-2.96%"
"08/19/2021","537.82","537.82","537.82","537.82","","1.74%"
"08/18/2021","528.60","528.60","528.60","528.60","","-0.15%"
"08/17/2021","529.40","529.40","529.40","529.40","","-0.63%"
"08/16/2021","532.78","532.78","532.78","532.78","","0.04%"
"08/13/2021","532.55","532.55","532.55","532.55","","0.33%"
"08/12/2021","530.80","530.80","530.80","530.80","","-0.50%"
"08/11/2021","533.45","533.45","533.45","533.45","","-0.28%"
"08/10/2021","534.97","534.97","534.97","534.97","","-0.04%"
"08/09/2021","535.17","535.17","535.17","535.17","","1.88%"
"08/06/2021","525.28","525.28","525.28","525.28","","0.04%"
"08/05/2021","525.08","525.08","525.08","525.08","","0.64%"
"08/04/2021","521.73","521.73","521.73","521.73","","-0.07%"
"08/03/2021","522.11","522.11","522.11","522.11","","1.97%"
"08/02/2021","512.03","512.03","512.03","512.03","","0.29%"
"07/30/2021","510.57","510.57","510.57","510.57","","1.12%"
"07/29/2021","504.89","504.89","504.89","504.89","","1.01%"
"07/28/2021","499.82","499.82","499.82","499.82","","-0.16%"
"07/27/2021","500.61","500.61","500.61","500.61","","0.47%"
"07/26/2021","498.26","498.26","498.26","498.26","","0.88%"
"07/23/2021","493.90","493.90","493.90","493.90","","-2.15%"
"07/22/2021","504.77","504.77","504.77","504.77","","1.69%"
"07/21/2021","496.36","496.36","496.36","496.36","","-0.07%"
"07/20/2021","496.73","496.73","496.73","496.73","","2.41%"
"07/19/2021","485.03","485.03","485.03","485.03","","-3.44%"
"07/16/2021","502.32","502.32","502.32","502.32","","0.86%"
"07/15/2021","498.05","498.05","498.05","498.05","","0.83%"
"07/14/2021","493.93","493.93","493.93","493.93","","-0.35%"
"07/13/2021","495.65","495.65","495.65","495.65","","-0.11%"
"07/12/2021","496.22","496.22","496.22","496.22","","-2.70%"
"07/09/2021","509.98","509.98","509.98","509.98","","-2.92%"
"07/08/2021","525.31","525.31","525.31","525.31","","-1.79%"
"07/07/2021","534.88","534.88","534.88","534.88","","3.28%"
"07/06/2021","517.87","517.87","517.87","517.87","","-3.52%"
"07/05/2021","536.78","536.78","536.78","536.78","","-1.70%"
"07/02/2021","546.07","546.07","546.07","546.07","","-0.24%"
"07/01/2021","547.38","547.38","547.38","547.38","","0.80%"
"06/30/2021","543.06","543.06","543.06","543.06","","0.05%"
"06/29/2021","542.77","542.77","542.77","542.77","","0.85%"
"06/28/2021","538.21","538.21","538.21","538.21","","1.22%"
"06/25/2021","531.70","531.70","531.70","531.70","","0.95%"
"06/24/2021","526.69","526.69","526.69","526.69","","0.16%"
"06/23/2021","525.84","525.84","525.84","525.84","","-0.62%"
"06/22/2021","529.12","529.12","529.12","529.12","","0.38%"
"06/21/2021","527.14","527.14","527.14","527.14","","-0.39%"
"06/18/2021","529.19","529.19","529.19","529.19","","1.19%"
"06/17/2021","522.96","522.96","522.96","522.96","","-0.54%"
"06/16/2021","525.78","525.78","525.78","525.78","","-1.62%"
"06/15/2021","534.46","534.46","534.46","534.46","","0.63%"
"06/14/2021","531.09","531.09","531.09","531.09","","1.43%"
"06/11/2021","523.62","523.62","523.62","523.62","","2.09%"
"06/10/2021","512.91","512.91","512.91","512.91","","-0.30%"
"06/09/2021","514.45","514.45","514.45","514.45","","0.69%"
"06/08/2021","510.92","510.92","510.92","510.92","","-2.20%"
"06/07/2021","522.43","522.43","522.43","522.43","","-0.25%"
"06/04/2021","523.72","523.72","523.72","523.72","","0.76%"
"06/03/2021","519.75","519.75","519.75","519.75","","1.12%"
"06/02/2021","513.99","513.99","513.99","513.99","","-0.54%"
"06/01/2021","516.80","516.80","516.80","516.80","","1.20%"
"05/31/2021","510.65","510.65","510.65","510.65","","0.45%"
"05/28/2021","508.37","508.37","508.37","508.37","","0.72%"
"05/27/2021","504.72","504.72","504.72","504.72","","-0.85%"
"05/26/2021","509.06","509.06","509.06","509.06","","0.10%"
"05/25/2021","508.54","508.54","508.54","508.54","","0.63%"
"05/24/2021","505.36","505.36","505.36","505.36","","0.64%"
"05/21/2021","502.14","502.14","502.14","502.14","","0.24%"
"05/20/2021","500.92","500.92","500.92","500.92","","1.71%"
"05/19/2021","492.52","492.52","492.52","492.52","","0.98%"
"05/18/2021","487.73","487.73","487.73","487.73","","-0.13%"
"05/17/2021","488.37","488.37","488.37","488.37","","-0.27%"
"05/14/2021","489.71","489.71","489.71","489.71","","0.14%"
"05/13/2021","489.02","489.02","489.02","489.02","","-0.98%"
"05/12/2021","493.86","493.86","493.86","493.86","","0.82%"
"05/11/2021","489.85","489.85","489.85","489.85","","-0.82%"
"05/10/2021","493.89","493.89","493.89","493.89","","2.16%"
"05/07/2021","483.46","483.46","483.46","483.46","","-0.65%"
"05/06/2021","486.63","486.63","486.63","486.63","","-0.76%"
"05/05/2021","490.37","490.37","490.37","490.37","","0.49%"
"05/04/2021","487.97","487.97","487.97","487.97","","0.18%"
"04/29/2021","487.08","487.08","487.08","487.08","","0.41%"
"04/28/2021","485.11","485.11","485.11","485.11","","0.55%"
"04/27/2021","482.47","482.47","482.47","482.47","","0.93%"
"04/26/2021","478.01","478.01","478.01","478.01","","-2.90%"
"04/23/2021","492.30","492.30","492.30","492.30","","1.57%"
"04/22/2021","484.70","484.70","484.70","484.70","","-3.80%"
"04/20/2021","503.86","503.86","503.86","503.86","","0.81%"
"04/19/2021","499.81","499.81","499.81","499.81","","2.43%"
"04/16/2021","487.94","487.94","487.94","487.94","","0.08%"
"04/15/2021","487.57","487.57","487.57","487.57","","0.16%"
"04/14/2021","486.77","486.77","486.77","486.77","","1.09%"
"04/13/2021","481.54","481.54","481.54","481.54","","0.68%"
"04/12/2021","478.31","478.31","478.31","478.31","","2.39%"
"04/09/2021","467.13","467.13","467.13","467.13","","-0.22%"
"04/08/2021","468.15","468.15","468.15","468.15","","-0.52%"
"04/07/2021","470.61","470.61","470.61","470.61","","0.25%"
"04/06/2021","469.45","469.45","469.45","469.45","","0.27%"
"04/05/2021","468.20","468.20","468.20","468.20","","1.96%"
"04/01/2021","459.20","459.20","459.20","459.20","","2.67%"
"03/31/2021","447.26","447.26","447.26","447.26","","0.64%"
"03/30/2021","444.42","444.42","444.42","444.42","","1.07%"
"03/29/2021","439.71","439.71","439.71","439.71","","0.86%"
"03/26/2021","435.95","435.95","435.95","435.95","","0.18%"
"03/25/2021","435.17","435.17","435.17","435.17","","-0.03%"
"03/24/2021","435.31","435.31","435.31","435.31","","-1.47%"
"03/23/2021","441.79","441.79","441.79","441.79","","-0.77%"
"03/22/2021","445.24","445.24","445.24","445.24","","0.13%"
"03/19/2021","444.68","444.68","444.68","444.68","","-0.89%"
"03/18/2021","448.67","448.67","448.67","448.67","","1.11%"
"03/17/2021","443.73","443.73","443.73","443.73","","0.00%"
"03/16/2021","443.71","443.71","443.71","443.71","","-0.56%"
"03/15/2021","446.19","446.19","446.19","446.19","","0.03%"
"03/12/2021","446.07","446.07","446.07","446.07","","-0.13%"
"03/11/2021","446.65","446.65","446.65","446.65","","0.80%"
"03/10/2021","443.09","443.09","443.09","443.09","","0.61%"
"03/09/2021","440.42","440.42","440.42","440.42","","-0.91%"
"03/08/2021","444.47","444.47","444.47","444.47","","-0.20%"
"03/05/2021","445.37","445.37","445.37","445.37","","-0.27%"
"03/04/2021","446.57","446.57","446.57","446.57","","-1.48%"
"03/03/2021","453.30","453.30","453.30","453.30","","-0.20%"
"03/02/2021","454.19","454.19","454.19","454.19","","0.02%"
"03/01/2021","454.08","454.08","454.08","454.08","","1.30%"
"02/26/2021","448.26","448.26","448.26","448.26","","0.15%"
"02/25/2021","447.60","447.60","447.60","447.60","","0.12%"
"02/24/2021","447.07","447.07","447.07","447.07","","-1.34%"
"02/23/2021","453.14","453.14","453.14","453.14","","-0.13%"
"02/22/2021","453.72","453.72","453.72","453.72","","0.22%"
"02/19/2021","452.72","452.72","452.72","452.72","","-0.71%"
"02/18/2021","455.94","455.94","455.94","455.94","","1.56%"
"02/17/2021","448.94","448.94","448.94","448.94","","3.37%"
"02/09/2021","434.30","434.30","434.30","434.30","","2.82%"
"02/08/2021","422.38","422.38","422.38","422.38","","-4.30%"
"02/05/2021","441.38","441.38","441.38","441.38","","1.23%"
"02/04/2021","436.03","436.03","436.03","436.03","","-0.31%"
"02/03/2021","437.37","437.37","437.37","437.37","","3.41%"
"02/02/2021","422.96","422.96","422.96","422.96","","5.03%"
"02/01/2021","402.71","402.71","402.71","402.71","","-2.81%"
"01/29/2021","414.36","414.36","414.36","414.36","","4.46%"
"01/28/2021","396.67","396.67","396.67","396.67","","-6.93%"
"01/27/2021","426.21","426.21","426.21","426.21","","-3.67%"
"01/26/2021","442.45","442.45","442.45","442.45","","-2.37%"
"01/25/2021","453.19","453.19","453.19","453.19","","0.55%"
"01/22/2021","450.73","450.73","450.73","450.73","","0.11%"
"01/21/2021","450.23","450.23","450.23","450.23","","2.57%"
"01/20/2021","438.93","438.93","438.93","438.93","","0.40%"
"01/19/2021","437.19","437.19","437.19","437.19","","-4.77%"
"01/18/2021","459.09","459.09","459.09","459.09","","0.11%"
"01/15/2021","458.58","458.58","458.58","458.58","","0.82%"
"01/14/2021","454.87","454.87","454.87","454.87","","-0.30%"
"01/13/2021","456.23","456.23","456.23","456.23","","-1.38%"
"01/12/2021","462.60","462.60","462.60","462.60","","0.73%"
"01/11/2021","459.27","459.27","459.27","459.27","","2.81%"
"01/08/2021","446.70","446.70","446.70","446.70","","1.59%"
"01/07/2021","439.73","439.73","439.73","439.73","","1.26%"
"01/06/2021","434.24","434.24","434.24","434.24","","0.20%"
"01/05/2021","433.39","433.39","433.39","433.39","","1.59%"
"01/04/2021","426.61","426.61","426.61","426.61","","1.16%"
"12/31/2020","421.73","421.73","421.73","421.73","","0.82%"
"12/30/2020","418.28","418.28","418.28","418.28","","-0.13%"
"12/29/2020","418.84","418.84","418.84","418.84","","1.09%"
"12/28/2020","414.31","414.31","414.31","414.31","","0.77%"
"12/25/2020","411.16","411.16","411.16","411.16","","1.04%"
"12/24/2020","406.94","406.94","406.94","406.94","","-0.73%"
"12/23/2020","409.95","409.95","409.95","409.95","","0.22%"
"12/22/2020","409.04","409.04","409.04","409.04","","0.00%"
"12/21/2020","409.02","409.02","409.02","409.02","","1.06%"
"12/18/2020","404.72","404.72","404.72","404.72","","1.06%"
"12/17/2020","400.49","400.49","400.49","400.49","","-1.66%"
"12/16/2020","407.25","407.25","407.25","407.25","","0.69%"
"12/15/2020","404.44","404.44","404.44","404.44","","-1.02%"
"12/14/2020","408.60","408.60","408.60","408.60","","1.94%"
"12/11/2020","400.81","400.81","400.81","400.81","","1.52%"
"12/10/2020","394.82","394.82","394.82","394.82","","-0.72%"
"12/09/2020","397.69","397.69","397.69","397.69","","1.00%"
"12/08/2020","393.75","393.75","393.75","393.75","","-0.13%"
"12/07/2020","394.28","394.28","394.28","394.28","","0.83%"
"12/04/2020","391.05","391.05","391.05","391.05","","-0.01%"
"12/03/2020","391.08","391.08","391.08","391.08","","0.87%"
"12/02/2020","387.69","387.69","387.69","387.69","","0.46%"
"12/01/2020","385.90","385.90","385.90","385.90","","0.83%"
"11/30/2020","382.73","382.73","382.73","382.73","","-1.02%"
"11/27/2020","386.67","386.67","386.67","386.67","","0.38%"
"11/26/2020","385.21","385.21","385.21","385.21","","-0.16%"
"11/25/2020","385.81","385.81","385.81","385.81","","-0.22%"
"11/24/2020","386.68","386.68","386.68","386.68","","0.48%"
"11/23/2020","384.83","384.83","384.83","384.83","","1.20%"
"11/20/2020","380.25","380.25","380.25","380.25","","0.90%"
"11/19/2020","376.85","376.85","376.85","376.85","","0.49%"
"11/18/2020","375.03","375.03","375.03","375.03","","0.39%"
"11/17/2020","373.57","373.57","373.57","373.57","","2.11%"
"11/16/2020","365.84","365.84","365.84","365.84","","-2.23%"
"11/13/2020","374.17","374.17","374.17","374.17","","0.27%"
"11/12/2020","373.16","373.16","373.16","373.16","","0.25%"
"11/11/2020","372.22","372.22","372.22","372.22","","-0.22%"
"11/10/2020","373.03","373.03","373.03","373.03","","0.01%"
"11/09/2020","373.01","373.01","373.01","373.01","","2.08%"
"11/06/2020","365.42","365.42","365.42","365.42","","0.22%"
"11/05/2020","364.60","364.60","364.60","364.60","","0.47%"
"11/04/2020","362.90","362.90","362.90","362.90","","0.21%"
"11/03/2020","362.13","362.13","362.13","362.13","","-0.25%"
"11/02/2020","363.03","363.03","363.03","363.03","","0.45%"
"10/30/2020","361.42","361.42","361.42","361.42","","0.78%"
"10/29/2020","358.63","358.63","358.63","358.63","","-0.04%"
"10/28/2020","358.77","358.77","358.77","358.77","","-2.90%"
"10/27/2020","369.50","369.50","369.50","369.50","","-0.46%"
"10/26/2020","371.20","371.20","371.20","371.20","","-0.26%"
"10/23/2020","372.17","372.17","372.17","372.17","","2.11%"
"10/22/2020","364.49","364.49","364.49","364.49","","1.27%"
"10/21/2020","359.92","359.92","359.92","359.92","","-0.13%"
"10/20/2020","360.38","360.38","360.38","360.38","","0.19%"
"10/19/2020","359.70","359.70","359.70","359.70","","-0.03%"
"10/16/2020","359.79","359.79","359.79","359.79","","-0.32%"
"10/15/2020","360.93","360.93","360.93","360.93","","0.88%"
"10/14/2020","357.77","357.77","357.77","357.77","","1.27%"
"10/13/2020","353.28","353.28","353.28","353.28","","0.70%"
"10/12/2020","350.84","350.84","350.84","350.84","","0.13%"
"10/09/2020","350.40","350.40","350.40","350.40","","1.07%"
"10/08/2020","346.68","346.68","346.68","346.68","","0.06%"
"10/07/2020","346.46","346.46","346.46","346.46","","0.69%"
"10/06/2020","344.09","344.09","344.09","344.09","","0.50%"
"10/05/2020","342.37","342.37","342.37","342.37","","0.41%"
"10/02/2020","340.98","340.98","340.98","340.98","","-0.66%"
"10/01/2020","343.26","343.26","343.26","343.26","","1.11%"
"09/30/2020","339.49","339.49","339.49","339.49","","0.39%"
"09/29/2020","338.18","338.18","338.18","338.18","","-0.50%"
"09/28/2020","339.88","339.88","339.88","339.88","","0.19%"
"09/25/2020","339.25","339.25","339.25","339.25","","0.04%"
"09/24/2020","339.10","339.10","339.10","339.10","","-0.90%"
"09/23/2020","342.17","342.17","342.17","342.17","","0.66%"
"09/22/2020","339.92","339.92","339.92","339.92","","-0.32%"
"09/21/2020","341.02","341.02","341.02","341.02","","1.12%"
"09/18/2020","337.23","337.23","337.23","337.23","","0.68%"
"09/17/2020","334.96","334.96","334.96","334.96","","-0.44%"
"09/16/2020","336.43","336.43","336.43","336.43","","0.12%"
"09/15/2020","336.02","336.02","336.02","336.02","","0.33%"
"09/14/2020","334.90","334.90","334.90","334.90","","0.75%"
"09/11/2020","332.42","332.42","332.42","332.42","","-0.12%"
"09/10/2020","332.83","332.83","332.83","332.83","","-0.04%"
"09/09/2020","332.96","332.96","332.96","332.96","","-0.10%"
"09/08/2020","333.29","333.29","333.29","333.29","","-0.24%"
"09/07/2020","334.10","334.10","334.10","334.10","","-1.41%"
"09/04/2020","338.89","338.89","338.89","338.89","","0.11%"
"09/03/2020","338.52","338.52","338.52","338.52","","1.55%"
"09/01/2020","333.36","333.36","333.36","333.36","","1.00%"
"08/31/2020","330.05","330.05","330.05","330.05","","0.38%"
"08/28/2020","328.79","328.79","328.79","328.79","","0.26%"
"08/27/2020","327.94","327.94","327.94","327.94","","-0.07%"
"08/26/2020","328.16","328.16","328.16","328.16","","-0.02%"
"08/25/2020","328.22","328.22","328.22","328.22","","0.35%"
"08/24/2020","327.06","327.06","327.06","327.06","","1.49%"
"08/21/2020","322.26","322.26","322.26","322.26","","0.38%"
"08/20/2020","321.05","321.05","321.05","321.05","","-0.47%"
"08/19/2020","322.57","322.57","322.57","322.57","","0.41%"
"08/18/2020","321.25","321.25","321.25","321.25","","-0.69%"
"08/17/2020","323.48","323.48","323.48","323.48","","-0.01%"
"08/14/2020","323.51","323.51","323.51","323.51","","-0.64%"
"08/13/2020","325.60","325.60","325.60","325.60","","0.64%"
"08/12/2020","323.52","323.52","323.52","323.52","","0.22%"
"08/11/2020","322.81","322.81","322.81","322.81","","-0.26%"
"08/10/2020","323.65","323.65","323.65","323.65","","0.26%"
"08/07/2020","322.82","322.82","322.82","322.82","","0.13%"
"08/06/2020","322.40","322.40","322.40","322.40","","0.30%"
"08/05/2020","321.45","321.45","321.45","321.45","","1.07%"
"08/04/2020","318.06","318.06","318.06","318.06","","1.37%"
"08/03/2020","313.76","313.76","313.76","313.76","","2.10%"
"07/31/2020","307.31","307.31","307.31","307.31","","-0.12%"
"07/30/2020","307.67","307.67","307.67","307.67","","1.84%"
"07/29/2020","302.11","302.11","302.11","302.11","","-2.70%"
"07/28/2020","310.50","310.50","310.50","310.50","","3.40%"
"07/27/2020","300.29","300.29","300.29","300.29","","-4.99%"
"07/24/2020","316.07","316.07","316.07","316.07","","-2.83%"
"07/23/2020","325.27","325.27","325.27","325.27","","0.75%"
"07/22/2020","322.85","322.85","322.85","322.85","","-0.60%"
"07/21/2020","324.80","324.80","324.80","324.80","","0.15%"
"07/20/2020","324.32","324.32","324.32","324.32","","-1.45%"
"07/17/2020","329.08","329.08","329.08","329.08","","-0.98%"
"07/16/2020","332.33","332.33","332.33","332.33","","1.48%"
"07/15/2020","327.48","327.48","327.48","327.48","","0.23%"
"07/14/2020","326.72","326.72","326.72","326.72","","0.33%"
"07/13/2020","325.66","325.66","325.66","325.66","","-0.42%"
"07/10/2020","327.03","327.03","327.03","327.03","","-0.76%"
"07/09/2020","329.54","329.54","329.54","329.54","","0.52%"
"07/08/2020","327.85","327.85","327.85","327.85","","-0.38%"
"07/07/2020","329.10","329.10","329.10","329.10","","0.35%"
"07/06/2020","327.95","327.95","327.95","327.95","","1.75%"
"07/03/2020","322.31","322.31","322.31","322.31","","0.63%"
"07/02/2020","320.30","320.30","320.30","320.30","","-0.23%"
"07/01/2020","321.04","321.04","321.04","321.04","","2.27%"
"06/30/2020","313.92","313.92","313.92","313.92","","-0.18%"
"06/29/2020","314.50","314.50","314.50","314.50","","-2.20%"
"06/26/2020","321.56","321.56","321.56","321.56","","-0.46%"
"06/25/2020","323.04","323.04","323.04","323.04","","-0.40%"
"06/24/2020","324.35","324.35","324.35","324.35","","-0.69%"
"06/23/2020","326.59","326.59","326.59","326.59","","-0.55%"
"06/22/2020","328.39","328.39","328.39","328.39","","0.42%"
"06/19/2020","327.03","327.03","327.03","327.03","","1.21%"
"06/18/2020","323.12","323.12","323.12","323.12","","0.29%"
"06/17/2020","322.18","322.18","322.18","322.18","","0.15%"
"06/16/2020","321.71","321.71","321.71","321.71","","3.89%"
"06/15/2020","309.65","309.65","309.65","309.65","","-4.06%"
"06/12/2020","322.74","322.74","322.74","322.74","","-0.73%"
"06/11/2020","325.11","325.11","325.11","325.11","","-3.37%"
"06/10/2020","336.45","336.45","336.45","336.45","","-0.10%"
"06/09/2020","336.79","336.79","336.79","336.79","","0.06%"
"06/08/2020","336.58","336.58","336.58","336.58","","1.49%"
"06/05/2020","331.64","331.64","331.64","331.64","","0.21%"
"06/04/2020","330.95","330.95","330.95","330.95","","0.06%"
"06/03/2020","330.74","330.74","330.74","330.74","","0.37%"
"06/02/2020","329.51","329.51","329.51","329.51","","-0.47%"
"06/01/2020","331.06","331.06","331.06","331.06","","1.31%"
"05/29/2020","326.78","326.78","326.78","326.78","","0.68%"
"05/28/2020","324.58","324.58","324.58","324.58","","0.84%"
"05/27/2020","321.87","321.87","321.87","321.87","","-1.60%"
"05/26/2020","327.12","327.12","327.12","327.12","","0.84%"
"05/25/2020","324.40","324.40","324.40","324.40","","0.62%"
"05/22/2020","322.40","322.40","322.40","322.40","","-0.87%"
"05/21/2020","325.22","325.22","325.22","325.22","","0.68%"
"05/20/2020","323.01","323.01","323.01","323.01","","1.86%"
"05/19/2020","317.10","317.10","317.10","317.10","","1.53%"
"05/18/2020","312.33","312.33","312.33","312.33","","1.25%"
"05/15/2020","308.46","308.46","308.46","308.46","","-0.59%"
"05/14/2020","310.30","310.30","310.30","310.30","","-0.02%"
"05/13/2020","310.35","310.35","310.35","310.35","","-0.95%"
"05/12/2020","313.33","313.33","313.33","313.33","","0.38%"
"05/11/2020","312.14","312.14","312.14","312.14","","2.19%"
"05/08/2020","305.46","305.46","305.46","305.46","","2.61%"
"05/07/2020","297.68","297.68","297.68","297.68","","1.64%"
"05/06/2020","292.89","292.89","292.89","292.89","","2.69%"
"05/05/2020","285.22","285.22","285.22","285.22","","0.37%"
"05/04/2020","284.18","284.18","284.18","284.18","","-0.70%"
"04/29/2020","286.18","286.18","286.18","286.18","","0.06%"
"04/28/2020","286.00","286.00","286.00","286.00","","-0.59%"
"04/27/2020","287.69","287.69","287.69","287.69","","-0.74%"
"04/24/2020","289.84","289.84","289.84","289.84","","1.04%"
"04/23/2020","286.85","286.85","286.85","286.85","","0.73%"
"04/22/2020","284.77","284.77","284.77","284.77","","-0.57%"
"04/21/2020","286.39","286.39","286.39","286.39","","-3.38%"
"04/20/2020","296.42","296.42","296.42","296.42","","0.29%"
"04/17/2020","295.55","295.55","295.55","295.55","","0.85%"
"04/16/2020","293.06","293.06","293.06","293.06","","0.46%"
"04/15/2020","291.72","291.72","291.72","291.72","","0.35%"
"04/14/2020","290.70","290.70","290.70","290.70","","0.60%"
"04/13/2020","288.96","288.96","288.96","288.96","","0.99%"
"04/10/2020","286.12","286.12","286.12","286.12","","0.14%"
"04/09/2020","285.73","285.73","285.73","285.73","","1.69%"
"04/08/2020","280.97","280.97","280.97","280.97","","0.30%"
"04/07/2020","280.14","280.14","280.14","280.14","","2.11%"
"04/06/2020","274.35","274.35","274.35","274.35","","5.20%"
"04/03/2020","260.78","260.78","260.78","260.78","","3.29%"
"04/01/2020","252.47","252.47","252.47","252.47","","2.27%"
"03/31/2020","246.86","246.86","246.86","246.86","","0.58%"
"03/30/2020","245.43","245.43","245.43","245.43","","-3.94%"
"03/27/2020","255.50","255.50","255.50","255.50","","0.56%"
"03/26/2020","254.07","254.07","254.07","254.07","","1.56%"
"03/25/2020","250.16","250.16","250.16","250.16","","4.68%"
"03/24/2020","238.97","238.97","238.97","238.97","","-2.58%"
"03/23/2020","245.31","245.31","245.31","245.31","","-6.08%"
"03/20/2020","261.18","261.18","261.18","261.18","","-3.30%"
"03/19/2020","270.10","270.10","270.10","270.10","","-2.81%"
"03/18/2020","277.90","277.90","277.90","277.90","","-0.03%"
"03/17/2020","277.97","277.97","277.97","277.97","","-1.38%"
"03/16/2020","281.86","281.86","281.86","281.86","","-1.32%"
"03/13/2020","285.63","285.63","285.63","285.63","","-0.57%"
"03/12/2020","287.28","287.28","287.28","287.28","","-4.54%"
"03/11/2020","300.93","300.93","300.93","300.93","","-2.34%"
"03/10/2020","308.13","308.13","308.13","308.13","","1.26%"
"03/09/2020","304.31","304.31","304.31","304.31","","-6.30%"
"03/06/2020","324.77","324.77","324.77","324.77","","0.18%"
"03/05/2020","324.20","324.20","324.20","324.20","","0.55%"
"03/04/2020","322.44","322.44","322.44","322.44","","0.03%"
"03/03/2020","322.34","322.34","322.34","322.34","","0.22%"
"03/02/2020","321.64","321.64","321.64","321.64","","0.11%"
"02/28/2020","321.28","321.28","321.28","321.28","","-1.44%"
"02/27/2020","325.97","325.97","325.97","325.97","","0.26%"
"02/26/2020","325.13","325.13","325.13","325.13","","-1.50%"
"02/25/2020","330.08","330.08","330.08","330.08","","-0.20%"
"02/24/2020","330.73","330.73","330.73","330.73","","-2.83%"
"02/21/2020","340.36","340.36","340.36","340.36","","0.09%"
"02/20/2020","340.04","340.04","340.04","340.04","","1.47%"
"02/19/2020","335.12","335.12","335.12","335.12","","0.23%"
"02/18/2020","334.36","334.36","334.36","334.36","","-1.38%"
"02/17/2020","339.05","339.05","339.05","339.05","","-0.36%"
"02/14/2020","340.29","340.29","340.29","340.29","","-0.20%"
"02/13/2020","340.97","340.97","340.97","340.97","","0.02%"
"02/12/2020","340.90","340.90","340.90","340.90","","0.33%"
"02/11/2020","339.79","339.79","339.79","339.79","","-0.13%"
"02/10/2020","340.23","340.23","340.23","340.23","","-0.98%"
"02/07/2020","343.60","343.60","343.60","343.60","","0.70%"
"02/06/2020","341.22","341.22","341.22","341.22","","1.49%"
"02/05/2020","336.20","336.20","336.20","336.20","","-0.11%"
"02/04/2020","336.57","336.57","336.57","336.57","","-0.51%"
"02/03/2020","338.29","338.29","338.29","338.29","","-0.79%"
"01/31/2020","340.99","340.99","340.99","340.99","","-2.69%"
"01/30/2020","350.43","350.43","350.43","350.43","","-3.17%"
"01/22/2020","361.91","361.91","361.91","361.91","","0.40%"
"01/21/2020","360.46","360.46","360.46","360.46","","0.97%"
"01/20/2020","356.99","356.99","356.99","356.99","","-0.16%"
"01/17/2020","357.56","357.56","357.56","357.56","","0.21%"
"01/16/2020","356.82","356.82","356.82","356.82","","0.09%"
"01/15/2020","356.50","356.50","356.50","356.50","","-0.11%"
"01/14/2020","356.89","356.89","356.89","356.89","","0.42%"
"01/13/2020","355.39","355.39","355.39","355.39","","0.02%"
"01/10/2020","355.33","355.33","355.33","355.33","","0.34%"
"01/09/2020","354.12","354.12","354.12","354.12","","1.26%"
"01/08/2020","349.72","349.72","349.72","349.72","","-1.19%"
"01/07/2020","353.94","353.94","353.94","353.94","","0.25%"
"01/06/2020","353.05","353.05","353.05","353.05","","-1.32%"
"01/03/2020","357.76","357.76","357.76","357.76","","0.09%"
"01/02/2020","357.43","357.43","357.43","357.43","","0.61%"
"12/31/2019","355.25","355.25","355.25","355.25","","-0.36%"
"12/30/2019","356.53","356.53","356.53","356.53","","0.41%"
"12/27/2019","355.08","355.08","355.08","355.08","","0.53%"
"12/26/2019","353.22","353.22","353.22","353.22","","0.31%"
"12/25/2019","352.14","352.14","352.14","352.14","","0.05%"
"12/24/2019","351.97","351.97","351.97","351.97","","0.40%"
"12/23/2019","350.56","350.56","350.56","350.56","","-0.46%"
"12/20/2019","352.18","352.18","352.18","352.18","","0.30%"
"12/19/2019","351.14","351.14","351.14","351.14","","0.24%"
"12/18/2019","350.31","350.31","350.31","350.31","","-0.50%"
"12/17/2019","352.06","352.06","352.06","352.06","","-1.03%"
"12/16/2019","355.71","355.71","355.71","355.71","","-0.66%"
"12/13/2019","358.09","358.09","358.09","358.09","","-1.15%"
"12/12/2019","362.25","362.25","362.25","362.25","","0.63%"
"12/11/2019","359.97","359.97","359.97","359.97","","-0.03%"
"12/10/2019","360.07","360.07","360.07","360.07","","-0.83%"
"12/09/2019","363.08","363.08","363.08","363.08","","0.24%"
"12/06/2019","362.22","362.22","362.22","362.22","","0.14%"
"12/05/2019","361.71","361.71","361.71","361.71","","-0.17%"
"12/04/2019","362.31","362.31","362.31","362.31","","0.60%"
"12/03/2019","360.14","360.14","360.14","360.14","","-0.91%"
"12/02/2019","363.43","363.43","363.43","363.43","","-0.96%"
"11/29/2019","366.97","366.97","366.97","366.97","","0.47%"
"11/28/2019","365.27","365.27","365.27","365.27","","-0.63%"
"11/27/2019","367.57","367.57","367.57","367.57","","-0.21%"
"11/26/2019","368.33","368.33","368.33","368.33","","0.17%"
"11/25/2019","367.72","367.72","367.72","367.72","","-0.01%"
"11/22/2019","367.77","367.77","367.77","367.77","","-0.66%"
"11/21/2019","370.21","370.21","370.21","370.21","","-1.30%"
"11/20/2019","375.09","375.09","375.09","375.09","","-0.54%"
"11/19/2019","377.11","377.11","377.11","377.11","","0.61%"
"11/18/2019","374.83","374.83","374.83","374.83","","-0.55%"
"11/15/2019","376.92","376.92","376.92","376.92","","-0.47%"
"11/14/2019","378.70","378.70","378.70","378.70","","0.29%"
"11/13/2019","377.59","377.59","377.59","377.59","","-0.74%"
"11/12/2019","380.40","380.40","380.40","380.40","","-0.07%"
"11/11/2019","380.66","380.66","380.66","380.66","","-0.46%"
"11/08/2019","382.43","382.43","382.43","382.43","","-0.28%"
"11/07/2019","383.51","383.51","383.51","383.51","","0.06%"
"11/06/2019","383.27","383.27","383.27","383.27","","0.23%"
"11/05/2019","382.38","382.38","382.38","382.38","","0.17%"
"11/04/2019","381.74","381.74","381.74","381.74","","0.12%"
"11/01/2019","381.29","381.29","381.29","381.29","","2.64%"
"10/31/2019","371.49","371.49","371.49","371.49","","-0.39%"
"10/30/2019","372.95","372.95","372.95","372.95","","0.59%"
"10/29/2019","370.75","370.75","370.75","370.75","","0.10%"
"10/28/2019","370.38","370.38","370.38","370.38","","-0.10%"
"10/25/2019","370.75","370.75","370.75","370.75","","0.08%"
"10/24/2019","370.45","370.45","370.45","370.45","","0.49%"
"10/23/2019","368.64","368.64","368.64","368.64","","0.31%"
"10/22/2019","367.50","367.50","367.50","367.50","","0.01%"
"10/21/2019","367.47","367.47","367.47","367.47","","-0.23%"
"10/18/2019","368.31","368.31","368.31","368.31","","0.13%"
"10/17/2019","367.84","367.84","367.84","367.84","","-0.38%"
"10/16/2019","369.25","369.25","369.25","369.25","","0.15%"
"10/15/2019","368.70","368.70","368.70","368.70","","-0.05%"
"10/14/2019","368.87","368.87","368.87","368.87","","-0.15%"
"10/11/2019","369.42","369.42","369.42","369.42","","0.48%"
"10/10/2019","367.67","367.67","367.67","367.67","","-0.02%"
"10/09/2019","367.73","367.73","367.73","367.73","","-0.28%"
"10/08/2019","368.78","368.78","368.78","368.78","","0.39%"
"10/07/2019","367.36","367.36","367.36","367.36","","-0.65%"
"10/04/2019","369.77","369.77","369.77","369.77","","-0.13%"
"10/03/2019","370.26","370.26","370.26","370.26","","0.31%"
"10/02/2019","369.10","369.10","369.10","369.10","","-0.97%"
"10/01/2019","372.73","372.73","372.73","372.73","","-0.27%"
"09/30/2019","373.73","373.73","373.73","373.73","","-0.24%"
"09/27/2019","374.62","374.62","374.62","374.62","","0.76%"
"09/26/2019","371.81","371.81","371.81","371.81","","0.22%"
"09/25/2019","370.99","370.99","370.99","370.99","","-0.33%"
"09/24/2019","372.22","372.22","372.22","372.22","","0.46%"
"09/23/2019","370.50","370.50","370.50","370.50","","-0.22%"
"09/20/2019","371.32","371.32","371.32","371.32","","-0.97%"
"09/19/2019","374.95","374.95","374.95","374.95","","-0.09%"
"09/18/2019","375.27","375.27","375.27","375.27","","0.23%"
"09/17/2019","374.42","374.42","374.42","374.42","","0.88%"
"09/16/2019","371.14","371.14","371.14","371.14","","0.52%"
"09/13/2019","369.22","369.22","369.22","369.22","","0.69%"
"09/12/2019","366.70","366.70","366.70","366.70","","0.23%"
"09/11/2019","365.87","365.87","365.87","365.87","","0.06%"
"09/10/2019","365.64","365.64","365.64","365.64","","0.02%"
"09/09/2019","365.55","365.55","365.55","365.55","","0.19%"
"09/06/2019","364.84","364.84","364.84","364.84","","-0.28%"
"09/05/2019","365.87","365.87","365.87","365.87","","-0.26%"
"09/04/2019","366.82","366.82","366.82","366.82","","0.14%"
"09/03/2019","366.29","366.29","366.29","366.29","","-0.66%"
"08/30/2019","368.73","368.73","368.73","368.73","","0.71%"
"08/29/2019","366.12","366.12","366.12","366.12","","0.51%"
"08/28/2019","364.28","364.28","364.28","364.28","","0.08%"
"08/27/2019","364.00","364.00","364.00","364.00","","-0.90%"
"08/26/2019","367.31","367.31","367.31","367.31","","-1.19%"
"08/23/2019","371.75","371.75","371.75","371.75","","-0.73%"
"08/22/2019","374.48","374.48","374.48","374.48","","0.63%"
"08/21/2019","372.14","372.14","372.14","372.14","","0.88%"
"08/20/2019","368.91","368.91","368.91","368.91","","0.34%"
"08/19/2019","367.66","367.66","367.66","367.66","","0.23%"
"08/16/2019","366.83","366.83","366.83","366.83","","0.25%"
"08/15/2019","365.91","365.91","365.91","365.91","","1.36%"
"08/14/2019","360.99","360.99","360.99","360.99","","0.08%"
"08/13/2019","360.70","360.70","360.70","360.70","","-1.36%"
"08/12/2019","365.69","365.69","365.69","365.69","","0.13%"
"08/08/2019","365.21","365.21","365.21","365.21","","1.45%"
"08/07/2019","359.98","359.98","359.98","359.98","","0.27%"
"08/06/2019","359.00","359.00","359.00","359.00","","-0.99%"
"08/05/2019","362.59","362.59","362.59","362.59","","-3.01%"
"08/02/2019","373.86","373.86","373.86","373.86","","-0.83%"
"08/01/2019","376.98","376.98","376.98","376.98","","1.13%"
"07/31/2019","372.77","372.77","372.77","372.77","","1.23%"
"07/30/2019","368.25","368.25","368.25","368.25","","-1.68%"
"07/29/2019","374.55","374.55","374.55","374.55","","0.01%"
"07/26/2019","374.52","374.52","374.52","374.52","","-0.12%"
"07/25/2019","374.97","374.97","374.97","374.97","","0.79%"
"07/24/2019","372.04","372.04","372.04","372.04","","0.35%"
"07/23/2019","370.73","370.73","370.73","370.73","","1.33%"
"07/22/2019","365.88","365.88","365.88","365.88","","-0.17%"
"07/19/2019","366.50","366.50","366.50","366.50","","1.01%"
"07/18/2019","362.82","362.82","362.82","362.82","","-1.22%"
"07/17/2019","367.30","367.30","367.30","367.30","","-0.10%"
"07/16/2019","367.65","367.65","367.65","367.65","","1.07%"
"07/15/2019","363.74","363.74","363.74","363.74","","-0.72%"
"07/12/2019","366.39","366.39","366.39","366.39","","-0.53%"
"07/11/2019","368.33","368.33","368.33","368.33","","0.29%"
"07/10/2019","367.25","367.25","367.25","367.25","","0.17%"
"07/09/2019","366.63","366.63","366.63","366.63","","0.23%"
"07/08/2019","365.79","365.79","365.79","365.79","","-1.32%"
"07/05/2019","370.70","370.70","370.70","370.70","","0.61%"
"07/04/2019","368.46","368.46","368.46","368.46","","1.32%"
"07/03/2019","363.66","363.66","363.66","363.66","","-0.28%"
"07/02/2019","364.67","364.67","364.67","364.67","","-0.39%"
"07/01/2019","366.08","366.08","366.08","366.08","","1.60%"
"06/28/2019","360.32","360.32","360.32","360.32","","1.17%"
"06/27/2019","356.16","356.16","356.16","356.16","","-1.65%"
"06/26/2019","362.14","362.14","362.14","362.14","","0.11%"
"06/25/2019","361.76","361.76","361.76","361.76","","-0.22%"
"06/24/2019","362.55","362.55","362.55","362.55","","0.32%"
"06/21/2019","361.40","361.40","361.40","361.40","","-0.06%"
"06/20/2019","361.60","361.60","361.60","361.60","","0.70%"
"06/19/2019","359.10","359.10","359.10","359.10","","1.02%"
"06/18/2019","355.47","355.47","355.47","355.47","","-0.26%"
"06/17/2019","356.40","356.40","356.40","356.40","","-1.36%"
"06/14/2019","361.30","361.30","361.30","361.30","","0.19%"
"06/13/2019","360.60","360.60","360.60","360.60","","-0.58%"
"06/12/2019","362.69","362.69","362.69","362.69","","-0.76%"
"06/11/2019","365.47","365.47","365.47","365.47","","-0.22%"
"06/10/2019","366.27","366.27","366.27","366.27","","0.60%"
"06/07/2019","364.07","364.07","364.07","364.07","","1.00%"
"06/06/2019","360.47","360.47","360.47","360.47","","-0.60%"
"06/05/2019","362.65","362.65","362.65","362.65","","0.04%"
"06/04/2019","362.50","362.50","362.50","362.50","","0.37%"
"06/03/2019","361.18","361.18","361.18","361.18","","-1.19%"
"05/31/2019","365.52","365.52","365.52","365.52","","-0.60%"
"05/30/2019","367.71","367.71","367.71","367.71","","-0.53%"
"05/29/2019","369.66","369.66","369.66","369.66","","0.36%"
"05/28/2019","368.35","368.35","368.35","368.35","","-0.79%"
"05/27/2019","371.30","371.30","371.30","371.30","","0.62%"
"05/24/2019","369.03","369.03","369.03","369.03","","-1.59%"
"05/23/2019","374.99","374.99","374.99","374.99","","-0.28%"
"05/22/2019","376.06","376.06","376.06","376.06","","-0.46%"
"05/21/2019","377.80","377.80","377.80","377.80","","-0.21%"
"05/20/2019","378.61","378.61","378.61","378.61","","0.98%"
"05/17/2019","374.93","374.93","374.93","374.93","","-0.37%"
"05/16/2019","376.33","376.33","376.33","376.33","","0.38%"
"05/15/2019","374.92","374.92","374.92","374.92","","1.31%"
"05/14/2019","370.09","370.09","370.09","370.09","","0.34%"
"05/13/2019","368.85","368.85","368.85","368.85","","0.67%"
"05/10/2019","366.41","366.41","366.41","366.41","","0.50%"
"05/09/2019","364.57","364.57","364.57","364.57","","-0.34%"
"05/08/2019","365.80","365.80","365.80","365.80","","-1.01%"
"05/07/2019","369.54","369.54","369.54","369.54","","-0.20%"
"05/06/2019","370.27","370.27","370.27","370.27","","-1.59%"
"05/03/2019","376.24","376.24","376.24","376.24","","-0.17%"
"05/02/2019","376.88","376.88","376.88","376.88","","0.32%"
"04/26/2019","375.68","375.68","375.68","375.68","","0.53%"
"04/25/2019","373.69","373.69","373.69","373.69","","-0.29%"
"04/24/2019","374.78","374.78","374.78","374.78","","1.29%"
"04/23/2019","369.99","369.99","369.99","369.99","","0.18%"
"04/22/2019","369.34","369.34","369.34","369.34","","-0.07%"
"04/19/2019","369.59","369.59","369.59","369.59","","0.25%"
"04/18/2019","368.66","368.66","368.66","368.66","","-0.69%"
"04/17/2019","371.24","371.24","371.24","371.24","","-0.84%"
"04/16/2019","374.38","374.38","374.38","374.38","","-0.85%"
"04/12/2019","377.59","377.59","377.59","377.59","","-0.29%"
"04/11/2019","378.68","378.68","378.68","378.68","","0.62%"
"04/10/2019","376.35","376.35","376.35","376.35","","-0.66%"
"04/09/2019","378.85","378.85","378.85","378.85","","-1.29%"
"04/08/2019","383.81","383.81","383.81","383.81","","0.65%"
"04/05/2019","381.32","381.32","381.32","381.32","","0.28%"
"04/04/2019","380.25","380.25","380.25","380.25","","0.12%"
"04/03/2019","379.79","379.79","379.79","379.79","","-0.43%"
"04/02/2019","381.44","381.44","381.44","381.44","","0.00%"
"04/01/2019","381.43","381.43","381.43","381.43","","1.66%"
"03/29/2019","375.22","375.22","375.22","375.22","","-0.17%"
"03/28/2019","375.86","375.86","375.86","375.86","","0.66%"
"03/27/2019","373.39","373.39","373.39","373.39","","0.90%"
"03/26/2019","370.06","370.06","370.06","370.06","","0.07%"
"03/25/2019","369.81","369.81","369.81","369.81","","-2.06%"
"03/22/2019","377.58","377.58","377.58","377.58","","0.89%"
"03/21/2019","374.24","374.24","374.24","374.24","","-2.40%"
"03/20/2019","383.46","383.46","383.46","383.46","","-0.85%"
"03/19/2019","386.74","386.74","386.74","386.74","","-0.49%"
"03/18/2019","388.64","388.64","388.64","388.64","","0.78%"
"03/15/2019","385.64","385.64","385.64","385.64","","-1.32%"
"03/14/2019","390.78","390.78","390.78","390.78","","0.22%"
"03/13/2019","389.91","389.91","389.91","389.91","","0.56%"
"03/12/2019","387.73","387.73","387.73","387.73","","1.34%"
"03/11/2019","382.59","382.59","382.59","382.59","","0.20%"
"03/08/2019","381.83","381.83","381.83","381.83","","-0.84%"
"03/07/2019","385.07","385.07","385.07","385.07","","-0.01%"
"03/06/2019","385.10","385.10","385.10","385.10","","0.22%"
"03/05/2019","384.24","384.24","384.24","384.24","","-0.75%"
"03/04/2019","387.16","387.16","387.16","387.16","","1.51%"
"03/01/2019","381.41","381.41","381.41","381.41","","1.56%"
"02/28/2019","375.54","375.54","375.54","375.54","","-3.24%"
"02/27/2019","388.13","388.13","388.13","388.13","","0.56%"
"02/26/2019","385.97","385.97","385.97","385.97","","-0.77%"
"02/25/2019","388.95","388.95","388.95","388.95","","0.46%"
"02/22/2019","387.16","387.16","387.16","387.16","","-0.15%"
"02/21/2019","387.73","387.73","387.73","387.73","","3.32%"
"02/20/2019","375.28","375.28","375.28","375.28","","0.94%"
"02/19/2019","371.79","371.79","371.79","371.79","","1.16%"
"02/18/2019","367.54","367.54","367.54","367.54","","1.42%"
"02/15/2019","362.39","362.39","362.39","362.39","","-0.38%"
"02/14/2019","363.78","363.78","363.78","363.78","","1.49%"
"02/13/2019","358.45","358.45","358.45","358.45","","1.33%"
"02/12/2019","353.74","353.74","353.74","353.74","","1.58%"
"02/11/2019","348.23","348.23","348.23","348.23","","2.45%"
"02/01/2019","339.90","339.90","339.90","339.90","","-0.81%"
"01/31/2019","342.67","342.67","342.67","342.67","","-0.97%"
"01/30/2019","346.03","346.03","346.03","346.03","","-0.45%"
"01/29/2019","347.58","347.58","347.58","347.58","","0.36%"
"01/28/2019","346.32","346.32","346.32","346.32","","0.82%"
"01/25/2019","343.50","343.50","343.50","343.50","","0.00%"
"01/24/2019","343.50","343.50","343.50","343.50","","0.03%"
"01/23/2019","343.41","343.41","343.41","343.41","","0.13%"
"01/22/2019","342.96","342.96","342.96","342.96","","-0.46%"
"01/21/2019","344.53","344.53","344.53","344.53","","0.32%"
"01/18/2019","343.42","343.42","343.42","343.42","","0.24%"
"01/17/2019","342.59","342.59","342.59","342.59","","-1.13%"
"01/16/2019","346.51","346.51","346.51","346.51","","0.01%"
"01/15/2019","346.49","346.49","346.49","346.49","","1.04%"
"01/14/2019","342.92","342.92","342.92","342.92","","0.04%"
"01/11/2019","342.77","342.77","342.77","342.77","","0.89%"
"01/10/2019","339.74","339.74","339.74","339.74","","0.43%"
"01/09/2019","338.29","338.29","338.29","338.29","","1.15%"
"01/08/2019","334.44","334.44","334.44","334.44","","-0.74%"
"01/07/2019","336.93","336.93","336.93","336.93","","1.16%"
"01/04/2019","333.07","333.07","333.07","333.07","","0.46%"
"01/03/2019","331.56","331.56","331.56","331.56","","-1.49%"
"01/02/2019","336.56","336.56","336.56","336.56","","1.50%"
"12/28/2018","331.59","331.59","331.59","331.59","","-2.10%"
"12/27/2018","338.71","338.71","338.71","338.71","","0.84%"
"12/26/2018","335.90","335.90","335.90","335.90","","-0.92%"
"12/25/2018","339.02","339.02","339.02","339.02","","-0.19%"
"12/24/2018","339.68","339.68","339.68","339.68","","0.52%"
"12/21/2018","337.91","337.91","337.91","337.91","","-1.59%"
"12/20/2018","343.36","343.36","343.36","343.36","","-0.45%"
"12/19/2018","344.90","344.90","344.90","344.90","","-1.04%"
"12/18/2018","348.54","348.54","348.54","348.54","","-1.22%"
"12/17/2018","352.84","352.84","352.84","352.84","","-2.01%"
"12/14/2018","360.09","360.09","360.09","360.09","","-0.84%"
"12/13/2018","363.13","363.13","363.13","363.13","","0.30%"
"12/12/2018","362.06","362.06","362.06","362.06","","0.47%"
"12/11/2018","360.38","360.38","360.38","360.38","","0.10%"
"12/10/2018","360.01","360.01","360.01","360.01","","-0.40%"
"12/07/2018","361.45","361.45","361.45","361.45","","0.44%"
"12/06/2018","359.87","359.87","359.87","359.87","","-0.38%"
"12/05/2018","361.24","361.24","361.24","361.24","","-0.50%"
"12/04/2018","363.07","363.07","363.07","363.07","","1.69%"
"12/03/2018","357.04","357.04","357.04","357.04","","2.35%"
"11/30/2018","348.84","348.84","348.84","348.84","","-0.50%"
"11/29/2018","350.59","350.59","350.59","350.59","","-0.48%"
"11/28/2018","352.28","352.28","352.28","352.28","","0.44%"
"11/27/2018","350.74","350.74","350.74","350.74","","0.62%"
"11/26/2018","348.59","348.59","348.59","348.59","","1.31%"
"11/23/2018","344.08","344.08","344.08","344.08","","-0.81%"
"11/22/2018","346.90","346.90","346.90","346.90","","0.21%"
"11/21/2018","346.17","346.17","346.17","346.17","","0.69%"
"11/20/2018","343.79","343.79","343.79","343.79","","0.98%"
"11/19/2018","340.47","340.47","340.47","340.47","","2.25%"
"11/16/2018","332.98","332.98","332.98","332.98","","-1.38%"
"11/15/2018","337.65","337.65","337.65","337.65","","-0.75%"
"11/14/2018","340.21","340.21","340.21","340.21","","-0.07%"
"11/13/2018","340.46","340.46","340.46","340.46","","-1.80%"
"11/12/2018","346.70","346.70","346.70","346.70","","0.01%"
"11/09/2018","346.65","346.65","346.65","346.65","","-0.82%"
"11/08/2018","349.52","349.52","349.52","349.52","","0.58%"
"11/07/2018","347.49","347.49","347.49","347.49","","0.29%"
"11/06/2018","346.48","346.48","346.48","346.48","","-0.42%"
"11/05/2018","347.93","347.93","347.93","347.93","","0.22%"
"11/02/2018","347.15","347.15","347.15","347.15","","2.24%"
"11/01/2018","339.56","339.56","339.56","339.56","","-0.66%"
"10/31/2018","341.80","341.80","341.80","341.80","","3.05%"
"10/30/2018","331.68","331.68","331.68","331.68","","-0.46%"
"10/29/2018","333.22","333.22","333.22","333.22","","-0.97%"
"10/26/2018","336.48","336.48","336.48","336.48","","-1.23%"
"10/25/2018","340.66","340.66","340.66","340.66","","-1.30%"
"10/24/2018","345.16","345.16","345.16","345.16","","-1.24%"
"10/23/2018","349.48","349.48","349.48","349.48","","-1.44%"
"10/22/2018","354.59","354.59","354.59","354.59","","-0.62%"
"10/19/2018","356.80","356.80","356.80","356.80","","-0.33%"
"10/18/2018","357.98","357.98","357.98","357.98","","-0.78%"
"10/17/2018","360.79","360.79","360.79","360.79","","1.04%"
"10/16/2018","357.06","357.06","357.06","357.06","","1.50%"
"10/15/2018","351.78","351.78","351.78","351.78","","-1.99%"
"10/12/2018","358.92","358.92","358.92","358.92","","2.32%"
"10/11/2018","350.79","350.79","350.79","350.79","","-4.46%"
"10/10/2018","367.16","367.16","367.16","367.16","","-0.35%"
"10/09/2018","368.44","368.44","368.44","368.44","","-0.37%"
"10/08/2018","369.82","369.82","369.82","369.82","","-1.57%"
"10/05/2018","375.70","375.70","375.70","375.70","","-1.35%"
"10/04/2018","380.86","380.86","380.86","380.86","","0.20%"
"10/03/2018","380.09","380.09","380.09","380.09","","-0.18%"
"10/02/2018","380.79","380.79","380.79","380.79","","0.28%"
"10/01/2018","379.71","379.71","379.71","379.71","","-0.78%"
"09/28/2018","382.70","382.70","382.70","382.70","","0.60%"
"09/27/2018","380.41","380.41","380.41","380.41","","0.79%"
"09/26/2018","377.44","377.44","377.44","377.44","","-0.24%"
"09/25/2018","378.36","378.36","378.36","378.36","","0.05%"
"09/24/2018","378.17","378.17","378.17","378.17","","1.60%"
"09/21/2018","372.22","372.22","372.22","372.22","","-0.28%"
"09/20/2018","373.28","373.28","373.28","373.28","","0.61%"
"09/19/2018","371.00","371.00","371.00","371.00","","-0.05%"
"09/18/2018","371.19","371.19","371.19","371.19","","0.39%"
"09/17/2018","369.73","369.73","369.73","369.73","","-0.57%"
"09/14/2018","371.84","371.84","371.84","371.84","","0.37%"
"09/13/2018","370.46","370.46","370.46","370.46","","-0.13%"
"09/12/2018","370.96","370.96","370.96","370.96","","-0.08%"
"09/11/2018","371.24","371.24","371.24","371.24","","1.90%"
"09/10/2018","364.31","364.31","364.31","364.31","","-0.12%"
"09/07/2018","364.76","364.76","364.76","364.76","","1.60%"
"09/06/2018","359.02","359.02","359.02","359.02","","-0.76%"
"09/05/2018","361.76","361.76","361.76","361.76","","-1.22%"
"09/04/2018","366.24","366.24","366.24","366.24","","-1.57%"
"08/31/2018","372.10","372.10","372.10","372.10","","-0.75%"
"08/30/2018","374.91","374.91","374.91","374.91","","1.18%"
"08/29/2018","370.54","370.54","370.54","370.54","","-0.85%"
"08/28/2018","373.72","373.72","373.72","373.72","","0.36%"
"08/27/2018","372.38","372.38","372.38","372.38","","0.29%"
"08/24/2018","371.30","371.30","371.30","371.30","","-0.14%"
"08/23/2018","371.81","371.81","371.81","371.81","","0.34%"
"08/22/2018","370.54","370.54","370.54","370.54","","0.61%"
"08/21/2018","368.30","368.30","368.30","368.30","","0.93%"
"08/20/2018","364.90","364.90","364.90","364.90","","0.02%"
"08/17/2018","364.83","364.83","364.83","364.83","","0.19%"
"08/16/2018","364.12","364.12","364.12","364.12","","-0.13%"
"08/15/2018","364.61","364.61","364.61","364.61","","-1.62%"
"08/14/2018","370.60","370.60","370.60","370.60","","0.54%"
"08/13/2018","368.62","368.62","368.62","368.62","","0.91%"
"08/10/2018","365.29","365.29","365.29","365.29","","0.40%"
"08/09/2018","363.82","363.82","363.82","363.82","","-1.06%"
"08/08/2018","367.70","367.70","367.70","367.70","","0.69%"
"08/07/2018","365.18","365.18","365.18","365.18","","-0.22%"
"08/06/2018","365.98","365.98","365.98","365.98","","0.34%"
"08/03/2018","364.73","364.73","364.73","364.73","","0.69%"
"08/02/2018","362.23","362.23","362.23","362.23","","-0.46%"
"08/01/2018","363.89","363.89","363.89","363.89","","0.02%"
"07/31/2018","363.81","363.81","363.81","363.81","","1.02%"
"07/30/2018","360.13","360.13","360.13","360.13","","0.38%"
"07/27/2018","358.75","358.75","358.75","358.75","","-0.11%"
"07/26/2018","359.14","359.14","359.14","359.14","","1.04%"
"07/25/2018","355.43","355.43","355.43","355.43","","-0.21%"
"07/24/2018","356.17","356.17","356.17","356.17","","-1.15%"
"07/23/2018","360.31","360.31","360.31","360.31","","0.44%"
"07/20/2018","358.73","358.73","358.73","358.73","","-1.03%"
"07/19/2018","362.47","362.47","362.47","362.47","","0.69%"
"07/18/2018","360.00","360.00","360.00","360.00","","2.76%"
"07/17/2018","350.32","350.32","350.32","350.32","","1.64%"
"07/16/2018","344.68","344.68","344.68","344.68","","0.45%"
"07/13/2018","343.14","343.14","343.14","343.14","","1.39%"
"07/12/2018","338.42","338.42","338.42","338.42","","0.24%"
"07/11/2018","337.62","337.62","337.62","337.62","","-1.20%"
"07/10/2018","341.71","341.71","341.71","341.71","","-0.82%"
"07/09/2018","344.52","344.52","344.52","344.52","","-0.57%"
"07/06/2018","346.50","346.50","346.50","346.50","","0.91%"
"07/05/2018","343.38","343.38","343.38","343.38","","-1.53%"
"07/04/2018","348.70","348.70","348.70","348.70","","0.86%"
"07/03/2018","345.73","345.73","345.73","345.73","","-3.62%"
"07/02/2018","358.71","358.71","358.71","358.71","","-1.03%"
"06/29/2018","362.46","362.46","362.46","362.46","","0.03%"
"06/28/2018","362.34","362.34","362.34","362.34","","-1.24%"
"06/27/2018","366.88","366.88","366.88","366.88","","-1.57%"
"06/26/2018","372.75","372.75","372.75","372.75","","-0.89%"
"06/25/2018","376.09","376.09","376.09","376.09","","1.21%"
"06/22/2018","371.61","371.61","371.61","371.61","","2.01%"
"06/21/2018","364.27","364.27","364.27","364.27","","-1.67%"
"06/20/2018","370.45","370.45","370.45","370.45","","1.88%"
"06/19/2018","363.60","363.60","363.60","363.60","","-3.20%"
"06/18/2018","375.63","375.63","375.63","375.63","","-3.65%"
"06/15/2018","389.88","389.88","389.88","389.88","","-0.11%"
"06/14/2018","390.32","390.32","390.32","390.32","","-1.03%"
"06/13/2018","394.37","394.37","394.37","394.37","","1.27%"
"06/12/2018","389.44","389.44","389.44","389.44","","-1.14%"
"06/11/2018","393.93","393.93","393.93","393.93","","-0.15%"
"06/08/2018","394.52","394.52","394.52","394.52","","-0.23%"
"06/07/2018","395.42","395.42","395.42","395.42","","0.57%"
"06/06/2018","393.18","393.18","393.18","393.18","","1.12%"
"06/05/2018","388.84","388.84","388.84","388.84","","0.71%"
"06/04/2018","386.08","386.08","386.08","386.08","","1.94%"
"06/01/2018","378.75","378.75","378.75","378.75","","2.81%"
"05/31/2018","368.40","368.40","368.40","368.40","","3.21%"
"05/30/2018","356.95","356.95","356.95","356.95","","-0.21%"
"05/29/2018","357.69","357.69","357.69","357.69","","2.85%"
"05/28/2018","347.79","347.79","347.79","347.79","","-2.55%"
"05/25/2018","356.88","356.88","356.88","356.88","","-1.59%"
"05/24/2018","362.66","362.66","362.66","362.66","","-0.20%"
"05/23/2018","363.37","363.37","363.37","363.37","","0.52%"
"05/22/2018","361.48","361.48","361.48","361.48","","-4.52%"
"05/21/2018","378.61","378.61","378.61","378.61","","-3.53%"
"05/18/2018","392.46","392.46","392.46","392.46","","1.54%"
"05/17/2018","386.51","386.51","386.51","386.51","","-2.77%"
"05/16/2018","397.54","397.54","397.54","397.54","","-2.49%"
"05/15/2018","407.68","407.68","407.68","407.68","","-0.38%"
"05/14/2018","409.23","409.23","409.23","409.23","","2.91%"
"05/11/2018","397.66","397.66","397.66","397.66","","0.87%"
"05/10/2018","394.24","394.24","394.24","394.24","","-2.20%"
"05/09/2018","403.11","403.11","403.11","403.11","","-0.73%"
"05/08/2018","406.08","406.08","406.08","406.08","","-0.32%"
"05/07/2018","407.38","407.38","407.38","407.38","","2.63%"
"05/04/2018","396.93","396.93","396.93","396.93","","0.01%"
"05/03/2018","396.90","396.90","396.90","396.90","","-0.66%"
"05/02/2018","399.54","399.54","399.54","399.54","","-0.51%"
"04/27/2018","401.58","401.58","401.58","401.58","","1.33%"
"04/26/2018","396.30","396.30","396.30","396.30","","-3.24%"
"04/24/2018","409.59","409.59","409.59","409.59","","0.92%"
"04/23/2018","405.87","405.87","405.87","405.87","","-3.18%"
"04/20/2018","419.19","419.19","419.19","419.19","","2.02%"
"04/19/2018","410.89","410.89","410.89","410.89","","-3.87%"
"04/18/2018","427.41","427.41","427.41","427.41","","-1.62%"
"04/17/2018","434.47","434.47","434.47","434.47","","-0.33%"
"04/16/2018","435.92","435.92","435.92","435.92","","-0.69%"
"04/13/2018","438.97","438.97","438.97","438.97","","-0.53%"
"04/12/2018","441.30","441.30","441.30","441.30","","1.02%"
"04/11/2018","436.83","436.83","436.83","436.83","","-3.12%"
"04/10/2018","450.89","450.89","450.89","450.89","","-1.40%"
"04/09/2018","457.27","457.27","457.27","457.27","","0.56%"
"04/06/2018","454.72","454.72","454.72","454.72","","1.35%"
"04/05/2018","448.65","448.65","448.65","448.65","","0.13%"
"04/04/2018","448.06","448.06","448.06","448.06","","0.84%"
"04/03/2018","444.32","444.32","444.32","444.32","","-0.81%"
"04/02/2018","447.94","447.94","447.94","447.94","","1.18%"
"03/30/2018","442.71","442.71","442.71","442.71","","0.90%"
"03/29/2018","438.78","438.78","438.78","438.78","","-0.44%"
"03/28/2018","440.71","440.71","440.71","440.71","","0.44%"
"03/27/2018","438.76","438.76","438.76","438.76","","0.80%"
"03/26/2018","435.29","435.29","435.29","435.29","","1.06%"
"03/23/2018","430.74","430.74","430.74","430.74","","-1.85%"
"03/22/2018","438.85","438.85","438.85","438.85","","-0.37%"
"03/21/2018","440.50","440.50","440.50","440.50","","1.09%"
"03/20/2018","435.73","435.73","435.73","435.73","","0.23%"
"03/19/2018","434.73","434.73","434.73","434.73","","2.24%"
"03/16/2018","425.20","425.20","425.20","425.20","","-0.15%"
"03/15/2018","425.82","425.82","425.82","425.82","","-1.14%"
"03/14/2018","430.73","430.73","430.73","430.73","","0.34%"
"03/13/2018","429.26","429.26","429.26","429.26","","0.72%"
"03/12/2018","426.19","426.19","426.19","426.19","","-0.65%"
"03/09/2018","428.98","428.98","428.98","428.98","","-0.05%"
"03/08/2018","429.20","429.20","429.20","429.20","","1.72%"
"03/07/2018","421.93","421.93","421.93","421.93","","-0.29%"
"03/06/2018","423.17","423.17","423.17","423.17","","1.94%"
"03/05/2018","415.12","415.12","415.12","415.12","","-2.56%"
"03/02/2018","426.01","426.01","426.01","426.01","","0.19%"
"03/01/2018","425.19","425.19","425.19","425.19","","0.15%"
"02/28/2018","424.55","424.55","424.55","424.55","","0.34%"
"02/27/2018","423.13","423.13","423.13","423.13","","0.08%"
"02/26/2018","422.78","422.78","422.78","422.78","","1.36%"
"02/23/2018","417.09","417.09","417.09","417.09","","2.51%"
"02/22/2018","406.88","406.88","406.88","406.88","","-0.90%"
"02/21/2018","410.59","410.59","410.59","410.59","","2.25%"
"02/14/2018","401.55","401.55","401.55","401.55","","0.00%"
"02/13/2018","401.55","401.55","401.55","401.55","","1.48%"
"02/12/2018","395.68","395.68","395.68","395.68","","3.28%"
"02/09/2018","383.12","383.12","383.12","383.12","","-2.53%"
"02/08/2018","393.08","393.08","393.08","393.08","","-1.24%"
"02/07/2018","398.01","398.01","398.01","398.01","","1.15%"
"02/06/2018","393.47","393.47","393.47","393.47","","-1.40%"
"02/05/2018","399.07","399.07","399.07","399.07","","-5.24%"
"02/02/2018","421.14","421.14","421.14","421.14","","0.50%"
"02/01/2018","419.06","419.06","419.06","419.06","","-0.92%"
"01/31/2018","422.95","422.95","422.95","422.95","","0.22%"
"01/30/2018","422.01","422.01","422.01","422.01","","-1.15%"
"01/29/2018","426.92","426.92","426.92","426.92","","-1.47%"
"01/26/2018","433.27","433.27","433.27","433.27","","1.11%"
"01/25/2018","428.53","428.53","428.53","428.53","","0.66%"
"01/24/2018","425.71","425.71","425.71","425.71","","-0.05%"
"01/23/2018","425.91","425.91","425.91","425.91","","0.00%"
"01/22/2018","425.91","425.91","425.91","425.91","","3.23%"
"01/19/2018","412.57","412.57","412.57","412.57","","1.09%"
"01/18/2018","408.14","408.14","408.14","408.14","","2.12%"
"01/17/2018","399.65","399.65","399.65","399.65","","-3.10%"
"01/16/2018","412.43","412.43","412.43","412.43","","-0.15%"
"01/15/2018","413.06","413.06","413.06","413.06","","1.56%"
"01/12/2018","406.70","406.70","406.70","406.70","","1.10%"
"01/11/2018","402.29","402.29","402.29","402.29","","1.17%"
"01/10/2018","397.63","397.63","397.63","397.63","","-0.12%"
"01/09/2018","398.10","398.10","398.10","398.10","","1.82%"
"01/08/2018","390.99","390.99","390.99","390.99","","2.12%"
"01/05/2018","382.89","382.89","382.89","382.89","","-0.12%"
"01/04/2018","383.34","383.34","383.34","383.34","","0.94%"
"01/03/2018","379.76","379.76","379.76","379.76","","1.20%"
"01/02/2018","375.26","375.26","375.26","375.26","","1.04%"